date,maxtemp,mintemp,weather_rain,weather_snow,weather_sun
20000101,-0.7,-4.9,0.0,,3.7
20000102,-1.9,-3.6,0.0,,0.4
20000103,1.1,-0.8,0.0,,0.0
20000104,0.1,-1.0,0.0,,0.0
20000105,3.9,0.2,0.0,,0.8
20000106,2.3,-0.9,0.0,,4.5
20000107,-2.1,-2.8,0.0,,0.0
20000108,-0.1,-1.2,0.0,,0.0
20000109,-0.7,-1.4,0.0,,0.0
20000110,3.0,0.0,0.0,,0.9
20000111,3.1,1.3,0.0,,0.4
20000112,3.8,0.3,0.0,,4.3
20000113,-2.4,-3.8,0.08,,0.0
20000114,-0.9,-1.7,0.0,,0.0
20000115,0.9,-0.7,0.0,,0.0
20000116,1.1,-1.0,0.0,,2.5
20000117,4.7,1.6,0.15,,1.0
20000118,5.7,2.1,0.26,,0.5
20000119,2.0,0.6,0.0,,7.0
20000120,1.6,-0.4,0.75,,3.7
20000121,4.3,0.9,0.05,,1.6
20000122,-1.2,-4.0,0.0,,1.4
20000123,-2.6,-3.5,0.0,,0.1
20000124,-2.2,-4.4,0.0,,7.8
20000125,-1.9,-6.5,0.0,,8.1
20000126,-3.0,-4.3,0.0,,0.7
20000127,2.7,1.2,0.0,,0.2
20000128,4.1,0.7,0.0,,6.4
20000129,5.5,2.3,0.83,,2.9
20000130,8.4,6.3,0.6,,3.9
20000131,12.7,8.3,0.01,,2.5
20000201,14.0,9.6,0.0,,5.8
20000202,12.2,7.2,0.0,,3.4
20000203,10.6,7.1,0.01,,5.9
20000204,6.2,4.1,0.0,,8.8
20000205,9.4,7.1,0.0,,3.5
20000206,14.6,9.2,0.0,,5.6
20000207,7.1,3.1,0.0,,0.6
20000208,12.3,7.8,0.38,,1.9
20000209,10.5,7.6,0.05,,0.2
20000210,9.1,5.5,0.0,,8.3
20000211,7.6,3.5,0.0,,3.2
20000212,7.3,5.3,0.0,,1.3
20000213,9.5,6.5,0.03,,5.3
20000214,8.1,3.8,0.13,,6.6
20000215,4.3,1.9,0.08,,3.0
20000216,5.8,3.3,0.99,,0.2
20000217,5.1,3.0,0.0,,3.2
20000218,5.1,2.0,0.0,,8.9
20000219,4.9,2.0,0.02,,1.8
20000220,5.7,3.0,0.0,,1.0
20000221,4.2,1.4,0.0,,3.9
20000222,3.4,-0.1,0.0,,5.4
20000223,3.4,0.1,0.0,,1.0
20000224,4.3,1.9,0.0,,0.8
20000225,10.3,5.7,0.0,,0.3
20000226,10.7,4.8,0.0,,9.2
20000227,9.5,5.2,0.0,,9.2
20000228,9.8,4.8,0.0,,9.8
20000229,12.1,5.9,0.0,,9.2
20000301,11.0,7.5,1.11,,0.0
20000302,8.4,5.4,0.35,,0.7
20000303,9.0,5.0,0.01,,6.7
20000304,8.7,5.6,0.0,,1.0
20000305,4.9,1.7,0.01,,9.3
20000306,6.6,3.2,0.0,,7.4
20000307,13.2,7.5,0.04,,9.7
20000308,13.5,10.8,0.2,,3.0
20000309,16.8,12.6,0.78,,1.7
20000310,12.6,6.2,0.0,,9.3
20000311,5.6,3.1,0.4,,0.0
20000312,9.4,7.2,0.0,,5.6
20000313,7.5,4.8,0.0,,2.0
20000314,10.4,7.6,0.26,,1.8
20000315,9.9,6.2,0.01,,5.7
20000316,4.0,1.4,0.56,,1.9
20000317,2.1,0.6,0.21,,0.3
20000318,5.0,1.5,0.01,,6.9
20000319,5.4,1.7,0.02,,1.4
20000320,6.7,3.1,0.0,,6.2
20000321,8.3,5.6,0.0,,7.7
20000322,14.1,9.8,0.0,,3.3
20000323,16.9,10.5,0.0,,8.9
20000324,15.0,10.2,0.0,,1.9
20000325,12.6,8.8,0.01,,0.0
20000326,16.1,10.3,0.06,,4.6
20000327,14.3,10.7,0.64,,1.2
20000328,15.6,11.2,0.0,,8.0
20000329,15.1,11.4,0.12,,2.2
20000330,14.1,10.1,0.49,,6.9
20000331,11.4,8.3,0.01,,6.7
20000401,15.1,9.6,0.96,,3.6
20000402,14.2,10.2,0.03,,6.0
20000403,15.4,11.4,0.05,,3.3
20000404,17.9,13.4,2.13,,3.3
20000405,16.0,11.5,2.66,,0.0
20000406,11.0,6.4,0.0,,6.5
20000407,11.1,6.8,0.0,,8.7
20000408,10.5,6.6,0.0,,9.5
20000409,10.9,5.9,0.0,,9.8
20000410,12.8,8.7,0.0,,4.5
20000411,14.6,10.9,0.1,,1.2
20000412,18.1,12.0,0.03,,4.2
20000413,18.0,13.3,0.48,,5.4
20000414,20.2,15.7,0.0,,9.2
20000415,22.4,16.6,0.44,,8.0
20000416,18.1,14.2,0.0,,8.5
20000417,24.2,17.4,0.0,,8.6
20000418,26.6,19.3,0.0,,8.4
20000419,26.4,20.2,0.0,,11.0
20000420,26.4,20.7,0.0,,9.8
20000421,26.9,22.0,0.0,,11.4
20000422,27.2,20.8,0.0,,11.9
20000423,26.9,20.7,0.0,,12.3
20000424,26.2,20.4,0.0,,11.7
20000425,23.9,15.5,0.29,,0.8
20000426,21.8,16.5,0.0,,6.5
20000427,23.8,18.1,0.0,,10.4
20000428,24.1,18.9,0.0,,11.9
20000429,26.8,20.6,0.0,,10.7
20000430,26.6,20.4,0.0,,7.8
20000501,25.2,18.8,1.01,,6.4
20000502,23.5,18.5,0.0,,12.5
20000503,19.2,13.9,0.0,,10.7
20000504,20.8,15.5,0.0,,11.6
20000505,23.0,17.2,0.0,,12.0
20000506,24.9,18.5,0.0,,12.7
20000507,26.8,20.1,0.0,,12.7
20000508,27.6,20.7,0.0,,7.1
20000509,24.9,20.1,0.0,,10.0
20000510,28.2,21.5,0.0,,11.9
20000511,30.0,22.9,0.0,,11.7
20000512,29.0,22.1,0.0,,11.0
20000513,22.2,16.3,0.0,,11.2
20000514,24.1,17.6,0.0,,13.0
20000515,27.1,20.4,0.0,,12.7
20000516,28.5,22.1,0.0,,13.0
20000517,28.8,23.2,0.0,,13.0
20000518,28.4,23.0,0.0,,11.9
20000519,25.5,16.0,0.24,,7.6
20000520,17.9,13.3,0.01,,7.0
20000521,18.8,13.5,0.0,,9.8
20000522,18.7,12.4,0.99,,6.4
20000523,19.5,14.6,0.0,,6.4
20000524,22.8,17.4,0.0,,11.9
20000525,25.6,19.7,0.0,,11.8
20000526,28.5,21.9,0.0,,13.1
20000527,30.5,23.8,0.0,,13.1
20000528,30.2,24.1,0.0,,12.0
20000529,26.7,16.3,0.05,,0.7
20000530,19.0,15.0,0.0,,11.3
20000531,17.9,14.6,0.09,,0.6
20000601,21.0,16.0,0.0,,11.1
20000602,23.5,17.7,0.0,,13.0
20000603,27.7,20.7,0.0,,12.6
20000604,30.0,23.1,0.0,,13.6
20000605,31.5,25.1,0.0,,13.3
20000606,31.3,25.2,0.0,,12.3
20000607,27.4,18.8,0.0,,6.1
20000608,24.1,18.7,0.0,,14.1
20000609,28.8,21.7,0.0,,13.9
20000610,30.3,24.2,0.0,,13.7
20000611,32.2,26.3,0.0,,13.3
20000612,33.3,27.5,0.0,,13.4
20000613,34.3,28.2,0.0,,10.0
20000614,34.9,28.8,0.0,,9.8
20000615,31.6,24.2,0.0,,11.5
20000616,24.4,18.1,0.0,,12.3
20000617,19.0,15.4,0.0,,9.6
20000618,21.9,17.8,0.0,,13.0
20000619,25.2,19.5,0.0,,13.5
20000620,30.5,23.9,0.0,,13.5
20000621,33.4,26.3,0.0,,14.2
20000622,35.2,29.0,0.0,,14.3
20000623,34.2,27.2,0.0,,12.9
20000624,25.9,21.7,0.21,,8.8
20000625,23.0,16.2,0.26,,0.9
20000626,22.0,16.7,0.0,,12.3
20000627,20.0,16.1,0.0,,12.6
20000628,23.4,18.4,0.0,,10.9
20000629,23.0,19.4,0.0,,12.7
20000630,23.2,18.7,0.28,,11.2
20000701,28.6,21.9,0.0,,10.5
20000702,30.0,25.0,0.0,,10.0
20000703,33.0,26.1,0.2,,11.2
20000704,33.5,26.2,0.0,,7.3
20000705,27.3,23.3,0.0,,9.2
20000706,27.7,23.8,0.0,,11.9
20000707,30.1,23.7,0.15,,7.5
20000708,29.2,21.4,0.02,,7.9
20000709,23.5,14.2,0.24,,1.9
20000710,26.5,20.1,0.0,,12.8
20000711,26.6,20.4,0.27,,2.4
20000712,21.0,17.3,0.12,,8.3
20000713,20.9,17.0,0.0,,8.7
20000714,22.6,17.7,0.06,,7.1
20000715,20.3,15.1,1.89,,0.0
20000716,15.4,14.0,0.0,,0.3
20000717,18.6,16.0,0.0,,2.9
20000718,22.4,17.2,0.0,,4.2
20000719,22.9,19.0,0.0,,8.9
20000720,22.0,18.0,0.0,,11.5
20000721,23.9,19.3,0.0,,11.6
20000722,23.8,19.8,0.0,,6.2
20000723,28.0,21.7,0.0,,9.1
20000724,28.3,22.5,0.0,,5.3
20000725,29.4,24.8,0.0,,9.2
20000726,30.9,22.8,0.0,,6.3
20000727,25.6,21.8,0.0,,11.9
20000728,27.9,21.6,1.39,,5.0
20000729,22.6,18.4,0.0,,7.6
20000730,23.2,19.2,0.0,,9.1
20000731,24.6,19.8,0.0,,10.0
20000801,26.6,21.0,0.0,,12.2
20000802,29.7,23.3,0.0,,12.8
20000803,28.8,24.1,0.0,,7.5
20000804,27.9,23.3,0.0,,10.7
20000805,25.9,22.5,0.0,,5.0
20000806,31.1,24.4,0.2,,7.1
20000807,26.3,21.3,0.0,,6.1
20000808,25.1,21.1,0.0,,12.1
20000809,27.0,21.8,0.0,,7.1
20000810,28.3,22.7,0.0,,10.4
20000811,29.1,23.7,0.0,,8.9
20000812,33.7,25.6,0.0,,10.4
20000813,32.9,27.0,0.0,,10.6
20000814,30.6,25.6,0.0,,5.6
20000815,31.2,25.4,0.0,,11.0
20000816,33.3,26.0,0.0,,11.1
20000817,33.6,27.7,0.0,,10.6
20000818,35.1,29.0,0.0,,11.7
20000819,36.7,29.5,0.0,,11.2
20000820,36.9,29.3,0.0,,11.5
20000821,36.4,29.1,0.0,,11.4
20000822,31.6,26.6,0.0,,11.1
20000823,31.7,25.2,0.0,,11.1
20000824,27.1,21.4,0.0,,11.2
20000825,24.3,20.9,0.0,,10.1
20000826,23.1,18.5,0.0,,10.6
20000827,23.7,19.2,0.0,,10.6
20000828,25.3,20.2,0.0,,7.8
20000829,27.4,21.1,0.0,,6.5
20000830,27.4,21.7,0.05,,10.0
20000831,23.3,18.4,0.16,,0.0
20000901,21.2,17.9,0.26,,2.0
20000902,25.0,18.3,0.74,,7.7
20000903,21.4,17.3,0.0,,9.4
20000904,21.0,16.8,0.0,,7.2
20000905,18.6,14.8,0.0,,8.6
20000906,19.2,14.7,0.0,,10.0
20000907,16.1,12.4,0.15,,0.0
20000908,21.5,15.4,0.0,,9.4
20000909,23.7,16.7,0.0,,10.3
20000910,26.1,17.8,0.0,,10.5
20000911,26.5,19.3,0.0,,8.5
20000912,27.1,20.9,0.0,,8.9
20000913,27.4,21.1,0.0,,6.6
20000914,25.5,21.5,0.0,,5.5
20000915,24.7,19.4,0.0,,10.3
20000916,19.9,15.8,0.63,,1.1
20000917,19.5,15.8,0.0,,5.3
20000918,20.2,16.3,0.0,,8.3
20000919,19.4,14.8,0.11,,4.6
20000920,19.1,15.2,0.0,,1.8
20000921,18.4,16.2,0.13,,1.4
20000922,16.8,14.4,0.0,,2.2
20000923,14.4,12.4,0.17,,0.0
20000924,15.6,12.8,0.0,,1.5
20000925,15.3,13.6,0.0,,0.0
20000926,19.8,14.1,0.0,,7.1
20000927,20.8,14.3,0.0,,9.7
20000928,20.1,14.3,0.0,,5.9
20000929,21.1,15.0,0.0,,9.7
20000930,22.4,16.6,0.0,,8.6
20001001,23.1,18.4,0.23,,3.2
20001002,21.6,17.7,0.65,,1.1
20001003,22.8,18.3,0.0,,3.6
20001004,24.9,18.9,0.0,,6.9
20001005,23.9,17.5,0.0,,9.5
20001006,19.6,15.9,0.38,,2.0
20001007,19.3,14.8,0.02,,2.3
20001008,16.5,13.4,0.0,,7.6
20001009,13.7,11.9,0.02,,0.0
20001010,13.0,11.9,0.0,,1.0
20001011,20.4,14.8,0.0,,4.7
20001012,24.2,18.2,0.0,,4.7
20001013,25.9,18.0,0.0,,8.8
20001014,24.2,17.2,0.0,,6.6
20001015,23.1,16.4,0.0,,7.9
20001016,18.6,14.9,0.0,,1.1
20001017,21.2,16.8,0.0,,4.2
20001018,21.0,16.0,0.0,,6.8
20001019,16.7,13.9,0.0,,0.0
20001020,15.1,12.1,0.0,,3.2
20001021,14.4,9.5,0.0,,9.0
20001022,15.0,8.4,0.0,,8.9
20001023,15.6,8.4,0.0,,8.4
20001024,16.3,9.6,0.0,,8.3
20001025,19.2,13.9,0.0,,5.0
20001026,18.1,12.8,0.0,,7.9
20001027,14.5,11.2,0.03,,4.3
20001028,14.6,10.6,0.0,,0.6
20001029,15.0,10.4,0.0,,8.5
20001030,17.8,11.6,0.0,,6.0
20001031,22.5,17.1,0.02,,5.6
20001101,19.6,11.8,0.45,,0.0
20001102,9.2,7.4,0.0,,0.7
20001103,12.1,10.3,0.13,,0.7
20001104,13.9,11.6,1.98,,0.2
20001105,12.4,8.2,0.0,,2.8
20001106,15.5,9.2,0.07,,5.1
20001107,12.6,11.4,0.99,,0.0
20001108,15.0,11.2,0.02,,5.5
20001109,14.1,10.0,0.55,,6.5
20001110,9.2,7.3,0.18,,0.2
20001111,12.3,7.5,0.0,,7.6
20001112,6.9,4.8,0.0,,0.2
20001113,13.6,7.9,0.0,,6.0
20001114,19.3,13.9,0.0,,2.7
20001115,17.9,14.6,0.05,,1.3
20001116,12.9,10.7,0.01,,0.0
20001117,13.8,10.6,0.05,,0.4
20001118,12.1,8.7,0.07,,0.0
20001119,9.5,8.0,0.0,,0.0
20001120,11.4,9.2,0.0,,1.6
20001121,13.5,10.7,0.0,,1.0
20001122,13.5,8.9,0.0,,6.1
20001123,12.2,8.8,0.0,,3.4
20001124,10.1,7.0,0.0,,0.1
20001125,11.6,9.2,0.42,,1.3
20001126,10.0,7.9,0.89,,0.6
20001127,9.3,7.2,0.0,,0.0
20001128,10.4,6.1,0.0,,6.3
20001129,9.8,5.8,0.0,,3.5
20001130,6.8,3.4,0.0,,2.1
20001201,7.6,3.5,0.0,,0.5
20001202,4.3,2.6,0.0,,0.0
20001203,4.1,2.9,0.0,,0.0
20001204,7.2,5.5,0.0,,0.0
20001205,6.6,5.3,0.0,,0.0
20001206,5.5,2.9,0.0,,0.0
20001207,2.4,0.9,0.0,,0.0
20001208,3.3,2.3,0.0,,0.0
20001209,7.7,5.1,0.21,,1.0
20001210,7.2,5.5,0.11,,0.1
20001211,12.2,8.6,0.0,,4.8
20001212,11.1,7.1,0.0,,0.3
20001213,11.6,8.6,0.0,,0.0
20001214,13.7,9.3,0.0,,2.8
20001215,9.0,6.7,0.46,,0.3
20001216,8.4,5.7,0.0,,6.9
20001217,7.2,4.6,0.0,,3.4
20001218,6.0,2.8,0.0,,5.7
20001219,3.5,1.2,0.1,,0.0
20001220,2.9,-1.5,0.0,,3.2
20001221,0.0,-1.5,0.0,,0.0
20001222,0.1,-2.7,0.0,,5.7
20001223,-1.5,-4.8,0.0,,1.0
20001224,-3.6,-6.6,0.0,,0.0
20001225,0.6,-2.0,0.3,,0.0
20001226,3.6,2.6,1.14,,0.0
20001227,6.1,4.4,0.35,,0.0
20001228,8.4,6.2,0.0,,0.0
20001229,6.2,4.6,1.46,,0.3
20001230,4.4,2.5,0.55,,0.0
20001231,3.7,1.3,0.0,,3.2
20010101,2.6,-1.4,0.0,,6.9
20010102,1.1,-1.1,0.09,,0.0
20010103,3.1,1.7,0.24,,0.0
20010104,3.2,1.0,0.0,,0.3
20010105,3.3,1.9,0.0,,0.0
20010106,7.5,5.0,0.0,,0.0
20010107,9.5,6.2,0.86,,0.0
20010108,8.4,7.4,0.15,,0.0
20010109,7.0,3.6,0.53,,0.0
20010110,4.9,1.5,0.0,,0.0
20010111,4.9,1.3,0.0,,0.2
20010112,4.3,0.5,0.0,,7.1
20010113,3.6,0.0,0.0,,6.0
20010114,1.6,-1.9,0.0,,6.4
20010115,1.6,-2.5,0.0,,6.8
20010116,-0.6,-2.6,0.0,,0.0
20010117,1.9,0.0,0.0,,0.0
20010118,4.6,0.3,0.0,,6.3
20010119,3.4,-0.6,0.0,,1.2
20010120,2.5,-0.5,0.0,,0.0
20010121,1.6,-1.3,0.0,,0.0
20010122,-0.6,-2.1,0.14,,0.0
20010123,-1.0,-1.2,0.72,,0.0
20010124,0.5,-0.4,0.98,,0.0
20010125,1.8,1.0,2.31,,0.0
20010126,2.3,1.9,0.8,,0.0
20010127,9.6,4.6,0.0,,0.9
20010128,8.0,5.4,0.0,,2.5
20010129,6.2,4.2,0.44,,0.0
20010130,5.4,3.2,1.96,,0.0
20010131,2.8,1.3,0.03,,0.0
20010201,3.9,1.4,0.0,,0.0
20010202,2.8,-1.3,0.0,,5.9
20010203,1.6,-1.1,0.0,,2.5
20010204,6.9,3.6,0.0,,1.2
20010205,10.1,5.8,0.15,,0.0
20010206,13.9,9.0,0.0,,3.6
20010207,15.0,9.8,0.0,,1.8
20010208,16.3,11.3,0.0,,3.3
20010209,15.3,11.5,0.0,,4.7
20010210,13.3,9.0,0.0,,3.8
20010211,10.9,5.6,0.0,,8.2
20010212,11.4,4.6,0.0,,7.8
20010213,10.1,5.9,0.0,,0.2
20010214,10.7,5.8,0.0,,7.0
20010215,9.0,4.5,0.0,,7.9
20010216,11.8,4.6,0.0,,7.6
20010217,11.1,4.9,0.0,,7.0
20010218,6.5,3.0,0.0,,3.9
20010219,4.9,2.8,0.0,,0.9
20010220,7.0,3.4,0.14,,0.7
20010221,6.9,4.3,0.03,,0.0
20010222,8.2,4.0,0.42,,3.3
20010223,4.5,2.1,0.0,,1.1
20010224,2.9,-0.3,0.0,,3.9
20010225,4.1,-0.6,0.0,,8.5
20010226,2.9,0.0,0.0,,2.1
20010227,4.5,0.1,0.0,,8.5
20010228,6.2,1.2,0.22,,5.0
20010301,4.2,1.0,0.4,,0.0
20010302,7.4,2.0,1.69,,2.9
20010303,4.8,3.2,1.1,,0.0
20010304,17.4,8.9,0.42,,0.8
20010305,10.8,7.3,0.0,,0.9
20010306,9.1,4.7,0.0,,3.6
20010307,12.0,5.7,0.0,,7.2
20010308,10.5,6.7,0.03,,1.4
20010309,13.2,9.2,0.0,,1.8
20010310,15.6,10.5,0.01,,3.9
20010311,18.0,11.6,0.15,,5.4
20010312,19.0,12.7,0.0,,6.9
20010313,13.9,10.4,0.54,,0.0
20010314,12.9,9.4,0.0,,7.4
20010315,12.5,9.5,0.19,,5.0
20010316,14.1,9.8,0.0,,2.1
20010317,18.7,12.6,0.47,,6.6
20010318,16.0,12.4,0.0,,5.8
20010319,16.4,10.2,0.1,,0.2
20010320,8.8,6.3,0.4,,8.7
20010321,7.2,1.7,0.36,,0.0
20010322,4.3,2.9,0.4,,0.0
20010323,12.8,8.8,0.11,,6.7
20010324,14.2,11.3,0.1,,1.7
20010325,17.1,12.0,0.19,,4.5
20010326,15.9,10.7,0.0,,7.7
20010327,7.6,4.2,0.0,,0.0
20010328,5.9,2.6,0.0,,1.0
20010329,8.6,5.0,0.0,,0.4
20010330,12.9,9.3,0.0,,2.8
20010331,15.9,11.9,0.0,,4.8
20010401,17.3,11.6,0.0,,7.2
20010402,19.3,13.3,0.0,,9.3
20010403,18.9,13.0,0.0,,9.4
20010404,21.2,14.1,0.0,,0.3
20010405,18.1,10.0,0.0,,0.0
20010406,15.2,10.9,0.0,,10.0
20010407,17.6,13.3,0.0,,3.1
20010408,16.6,12.1,0.86,,0.0
20010409,10.6,6.8,0.39,,0.0
20010410,9.4,8.0,0.3,,0.0
20010411,14.7,11.2,0.01,,0.0
20010412,16.3,12.0,0.0,,2.8
20010413,11.4,5.7,0.0,,10.4
20010414,7.0,3.9,0.0,,9.7
20010415,9.6,5.9,0.0,,10.1
20010416,15.7,9.5,0.02,,7.1
20010417,11.8,8.6,0.25,,0.0
20010418,14.8,9.9,0.0,,9.2
20010419,15.7,11.5,0.04,,4.2
20010420,14.8,11.6,0.66,,1.7
20010421,15.5,11.7,0.0,,0.6
20010422,12.6,8.9,0.0,,5.9
20010423,12.9,9.1,0.0,,1.2
20010424,17.0,12.5,0.0,,7.6
20010425,20.8,15.0,0.0,,11.2
20010426,15.8,13.0,0.0,,4.7
20010427,19.5,14.0,0.0,,12.5
20010428,21.8,15.8,0.0,,9.6
20010429,24.2,18.1,0.0,,11.8
20010430,24.8,19.3,0.0,,8.8
20010501,25.4,19.7,0.0,,10.8
20010502,27.6,20.1,0.0,,11.9
20010503,27.6,21.2,0.0,,11.6
20010504,27.4,21.3,0.19,,11.0
20010505,25.0,20.2,0.0,,9.3
20010506,25.4,20.0,0.79,,6.3
20010507,21.5,17.5,0.73,,4.9
20010508,22.5,17.9,0.14,,5.6
20010509,22.5,18.5,0.0,,9.9
20010510,22.6,18.1,0.0,,9.9
20010511,21.0,16.9,0.0,,5.9
20010512,19.2,14.7,0.0,,2.6
20010513,18.4,13.9,0.0,,9.0
20010514,20.6,16.2,0.0,,11.8
20010515,22.8,17.7,0.0,,7.3
20010516,25.5,19.8,0.0,,9.3
20010517,27.2,21.4,0.0,,10.7
20010518,28.2,20.7,0.0,,7.8
20010519,19.4,14.4,0.0,,10.4
20010520,21.3,16.2,0.0,,12.0
20010521,24.3,18.0,0.0,,7.9
20010522,21.2,17.0,0.0,,4.8
20010523,21.7,15.5,0.0,,12.2
20010524,25.5,17.9,0.0,,13.7
20010525,25.7,19.4,0.0,,8.5
20010526,23.8,19.4,0.0,,11.9
20010527,27.2,21.2,0.0,,11.7
20010528,25.5,21.0,0.0,,2.0
20010529,28.4,23.6,0.04,,10.3
20010530,26.4,20.2,0.0,,12.8
20010531,24.4,19.7,0.04,,6.6
20010601,22.1,15.3,0.0,,8.0
20010602,20.4,16.0,0.0,,10.0
20010603,19.0,14.1,2.49,,2.0
20010604,15.2,11.3,0.0,,5.3
20010605,18.3,13.8,0.0,,11.2
20010606,22.1,16.7,0.0,,7.9
20010607,24.0,19.4,0.0,,13.1
20010608,27.1,21.8,0.0,,11.7
20010609,24.8,20.6,0.0,,8.8
20010610,28.1,22.4,0.0,,6.3
20010611,26.3,15.7,0.0,,3.7
20010612,21.1,15.7,0.0,,12.3
20010613,25.0,18.6,0.0,,11.3
20010614,22.8,17.3,0.82,,0.2
20010615,26.1,20.3,0.0,,13.1
20010616,27.7,21.9,0.0,,6.8
20010617,25.6,18.5,0.09,,1.8
20010618,22.2,17.0,3.85,,1.6
20010619,17.7,15.4,0.31,,0.0
20010620,18.4,16.4,0.15,,0.2
20010621,24.3,18.8,0.0,,4.4
20010622,24.3,18.5,0.32,,7.0
20010623,21.2,17.1,0.0,,12.5
20010624,23.1,19.3,0.0,,7.9
20010625,24.7,20.5,0.0,,13.7
20010626,26.1,21.5,0.0,,13.9
20010627,29.4,23.3,0.0,,13.5
20010628,30.8,23.6,0.03,,8.7
20010629,25.1,21.3,0.0,,1.0
20010630,28.2,22.5,0.0,,11.1
20010701,25.8,20.1,0.11,,6.7
20010702,21.8,17.7,0.02,,0.2
20010703,21.0,16.6,0.0,,6.4
20010704,22.5,17.1,0.79,,6.8
20010705,25.3,18.9,0.01,,8.2
20010706,28.3,22.3,0.0,,12.5
20010707,29.9,24.9,0.0,,11.3
20010708,28.4,22.9,0.0,,12.2
20010709,26.4,22.5,0.0,,10.0
20010710,29.0,24.0,0.0,,10.8
20010711,31.0,25.6,0.0,,12.0
20010712,28.8,20.9,0.0,,3.8
20010713,29.7,23.7,0.0,,12.0
20010714,32.7,27.2,0.0,,13.0
20010715,34.9,28.9,0.0,,10.5
20010716,35.6,28.6,0.18,,9.0
20010717,32.5,17.9,1.55,,0.3
20010718,26.1,20.3,0.04,,12.4
20010719,29.3,23.9,0.0,,10.0
20010720,30.8,22.4,0.51,,6.6
20010721,21.0,17.5,0.39,,2.4
20010722,21.3,18.1,0.56,,0.5
20010723,24.5,19.9,3.99,,4.9
20010724,25.9,20.5,0.0,,3.4
20010725,24.5,21.3,0.0,,1.8
20010726,27.0,21.2,0.15,,7.9
20010727,27.3,22.3,0.0,,8.0
20010728,30.0,24.3,0.0,,12.3
20010729,30.6,24.5,0.0,,11.2
20010730,28.0,24.3,0.0,,8.5
20010731,31.7,25.7,0.0,,12.2
20010801,31.4,25.9,0.0,,11.8
20010802,29.4,24.7,0.0,,11.1
20010803,31.5,26.7,0.0,,10.2
20010804,35.1,28.2,0.0,,9.8
20010805,32.1,23.4,0.0,,9.8
20010806,27.6,22.9,0.0,,11.0
20010807,29.8,24.0,0.0,,12.0
20010808,31.0,25.4,0.0,,9.8
20010809,32.1,25.8,0.0,,9.7
20010810,31.2,24.4,0.2,,11.4
20010811,22.0,17.1,0.85,,0.0
20010812,23.4,18.2,0.0,,10.3
20010813,25.7,20.1,0.0,,10.9
20010814,28.6,24.0,0.0,,11.3
20010815,29.5,24.1,0.0,,10.0
20010816,30.9,25.0,0.0,,10.4
20010817,31.4,25.4,0.0,,7.5
20010818,31.8,25.9,0.0,,9.9
20010819,32.5,26.2,0.0,,10.1
20010820,32.8,26.1,2.15,,8.6
20010821,28.7,23.2,0.0,,4.7
20010822,27.6,22.6,0.36,,2.8
20010823,27.5,22.2,0.53,,4.1
20010824,28.0,23.2,0.0,,4.3
20010825,30.1,24.3,0.0,,9.4
20010826,30.7,24.5,0.0,,11.2
20010827,31.5,25.4,0.0,,9.4
20010828,28.1,19.5,0.0,,11.5
20010829,20.6,17.2,0.0,,11.6
20010830,23.4,17.7,0.0,,11.6
20010831,21.3,16.9,0.01,,1.5
20010901,22.1,18.3,0.0,,6.3
20010902,18.9,16.4,0.0,,0.5
20010903,21.6,16.7,0.0,,6.2
20010904,23.8,18.3,0.04,,5.0
20010905,22.4,16.5,0.65,,0.0
20010906,18.6,16.0,0.0,,0.1
20010907,18.9,15.9,0.0,,1.1
20010908,17.3,15.2,1.17,,0.0
20010909,16.7,12.3,0.03,,2.3
20010910,16.7,12.0,0.0,,5.5
20010911,14.6,12.6,0.05,,0.0
20010912,17.0,13.0,0.11,,1.4
20010913,20.5,15.7,0.0,,7.8
20010914,20.9,16.7,0.16,,1.5
20010915,19.4,13.8,1.76,,0.0
20010916,16.1,12.2,0.2,,1.2
20010917,11.9,10.5,2.81,,0.3
20010918,15.2,11.6,0.0,,2.3
20010919,16.3,11.9,0.0,,3.0
20010920,21.0,14.5,0.0,,8.1
20010921,21.7,16.1,0.0,,6.2
20010922,22.0,16.0,0.0,,6.2
20010923,18.0,15.5,1.45,,0.2
20010924,24.7,18.8,0.22,,5.6
20010925,20.1,16.9,0.0,,0.7
20010926,17.0,14.1,0.0,,0.2
20010927,16.4,12.1,0.0,,8.4
20010928,22.1,14.7,0.0,,8.8
20010929,21.2,16.0,0.0,,8.1
20010930,17.5,14.1,0.14,,0.0
20011001,19.9,16.3,0.0,,1.6
20011002,25.2,18.6,0.0,,8.5
20011003,25.2,18.8,0.0,,8.3
20011004,22.4,16.5,0.0,,2.6
20011005,21.4,16.7,0.0,,4.4
20011006,21.9,16.5,0.0,,6.5
20011007,22.8,16.9,0.0,,4.0
20011008,25.0,19.6,0.0,,6.7
20011009,25.8,19.6,0.0,,7.6
20011010,25.0,19.2,0.0,,4.2
20011011,21.2,17.6,0.0,,6.1
20011012,21.8,16.7,0.0,,9.1
20011013,22.4,15.3,0.0,,7.6
20011014,21.4,14.8,0.0,,7.6
20011015,21.8,15.0,0.0,,7.5
20011016,22.2,15.7,0.0,,7.1
20011017,20.0,13.9,0.01,,4.4
20011018,14.3,11.1,0.04,,0.0
20011019,13.0,11.9,0.0,,0.0
20011020,14.6,13.1,0.0,,0.0
20011021,21.8,15.9,0.0,,2.4
20011022,18.8,14.8,0.0,,1.7
20011023,17.8,13.8,0.0,,7.1
20011024,13.4,10.2,0.0,,0.0
20011025,10.3,9.2,0.0,,0.0
20011026,10.9,7.8,0.0,,4.4
20011027,11.5,7.2,0.0,,7.4
20011028,9.9,7.1,0.1,,0.0
20011029,13.8,11.4,0.35,,0.0
20011030,17.5,14.7,0.0,,0.0
20011031,22.7,16.9,0.0,,6.9
20011101,18.2,11.6,0.0,,2.7
20011102,10.7,7.3,0.0,,8.0
20011103,10.7,5.1,0.0,,8.5
20011104,11.2,6.2,0.0,,7.4
20011105,10.9,6.6,0.0,,4.6
20011106,9.0,5.7,0.0,,0.0
20011107,13.1,9.4,0.0,,2.4
20011108,13.7,10.2,0.2,,0.0
20011109,13.5,7.2,0.0,,0.0
20011110,7.0,4.1,0.0,,4.1
20011111,5.6,4.4,0.0,,0.0
20011112,5.0,3.5,0.4,,0.0
20011113,6.6,4.3,1.11,,0.0
20011114,7.1,4.6,0.0,,0.0
20011115,7.1,2.7,0.0,,7.5
20011116,6.4,3.6,0.0,,4.9
20011117,6.9,3.4,0.0,,7.2
20011118,2.3,-0.6,0.0,,0.0
20011119,1.9,0.1,0.0,,0.0
20011120,5.3,3.7,0.0,,1.1
20011121,7.4,5.3,0.0,,3.2
20011122,7.5,5.8,0.0,,2.3
20011123,7.5,3.4,0.0,,1.6
20011124,3.4,1.9,0.0,,0.4
20011125,3.7,1.5,0.0,,5.7
20011126,1.8,0.5,0.0,,0.0
20011127,1.2,-0.4,0.41,,0.0
20011128,4.5,0.1,0.0,,1.6
20011129,5.3,2.9,0.06,,5.3
20011130,5.2,2.2,0.0,,2.6
20011201,4.7,0.7,0.0,,5.5
20011202,4.5,0.2,0.0,,4.1
20011203,1.3,-1.9,0.0,,1.8
20011204,-1.6,-2.2,0.19,,0.0
20011205,0.3,-0.6,0.04,,0.0
20011206,0.6,0.0,0.09,,0.0
20011207,0.8,-0.9,0.0,,1.1
20011208,-1.5,-4.9,0.0,,4.5
20011209,-0.2,-5.2,0.0,,5.5
20011210,-1.7,-4.8,0.0,,2.1
20011211,-3.1,-3.7,0.11,,0.0
20011212,-2.5,-3.0,0.66,,0.0
20011213,-2.0,-6.4,0.2,,0.0
20011214,-4.0,-7.4,0.0,,6.1
20011215,-6.6,-7.6,0.0,,0.0
20011216,-3.2,-5.5,0.0,,2.9
20011217,-3.3,-6.6,0.0,,4.4
20011218,0.7,-3.0,0.0,,0.8
20011219,1.9,1.2,0.0,,0.5
20011220,3.4,0.6,0.0,,4.1
20011221,-0.2,-4.4,0.0,,5.5
20011222,3.9,-1.2,0.02,,2.7
20011223,1.7,-1.8,0.0,,0.0
20011224,-1.7,-6.7,0.0,,7.0
20011225,-3.8,-7.6,0.0,,0.0
20011226,-5.3,-6.4,0.0,,0.0
20011227,1.6,-1.3,0.0,,0.0
20011228,-0.3,-2.5,0.13,,0.0
20011229,5.2,3.0,0.11,,0.0
20011230,7.9,3.7,0.01,,0.4
20011231,1.5,-0.8,0.0,,2.7
20020101,-2.0,-3.8,0.0,,4.7
20020102,2.0,0.0,0.01,,3.5
20020103,-0.4,-5.3,0.0,,5.3
20020104,-5.1,-8.2,0.0,,4.7
20020105,-2.6,-5.4,0.0,,1.3
20020106,3.0,-2.3,0.0,,7.0
20020107,2.5,0.9,0.0,,1.4
20020108,3.1,-0.3,0.0,,1.6
20020109,0.7,-1.4,0.0,,0.0
20020110,-0.9,-2.3,0.0,,0.0
20020111,-1.7,-2.7,0.0,,0.0
20020112,-1.1,-1.9,0.0,,0.0
20020113,-1.8,-2.8,0.0,,0.0
20020114,-1.9,-2.6,0.0,,0.0
20020115,-2.3,-3.1,0.01,,0.0
20020116,-2.9,-3.9,0.01,,0.0
20020117,-1.4,-2.3,0.0,,0.0
20020118,-0.5,-2.0,0.0,,0.0
20020119,2.6,-0.6,0.04,,2.0
20020120,7.1,3.2,0.08,,2.0
20020121,8.7,6.1,0.38,,1.5
20020122,9.8,7.8,0.0,,6.5
20020123,9.7,5.4,0.0,,7.0
20020124,10.7,5.8,0.34,,2.5
20020125,11.3,7.0,0.0,,5.2
20020126,7.2,4.7,0.07,,0.0
20020127,9.8,6.1,0.06,,0.5
20020128,15.7,12.0,0.0,,3.4
20020129,18.1,14.5,0.0,,5.9
20020130,15.1,11.6,0.0,,8.2
20020131,12.0,8.7,0.0,,5.9
20020201,12.4,9.1,0.0,,5.2
20020202,13.8,7.0,0.0,,7.7
20020203,6.3,1.4,0.0,,0.0
20020204,4.7,2.0,0.0,,1.3
20020205,6.3,0.7,0.0,,5.9
20020206,2.6,1.3,0.0,,0.0
20020207,9.7,5.8,0.0,,0.0
20020208,9.0,7.0,0.0,,0.0
20020209,10.2,7.1,0.12,,2.1
20020210,9.8,7.6,0.01,,0.6
20020211,12.7,8.9,0.0,,4.8
20020212,14.4,12.0,0.0,,0.0
20020213,15.3,11.4,0.0,,5.4
20020214,8.9,6.7,0.0,,1.3
20020215,7.0,2.8,0.0,,8.8
20020216,8.5,3.9,0.0,,6.4
20020217,9.3,4.6,0.04,,6.4
20020218,7.5,4.9,0.4,,0.0
20020219,8.7,6.1,0.05,,7.8
20020220,9.1,7.0,0.03,,0.5
20020221,10.0,6.9,0.0,,0.0
20020222,6.2,1.1,0.13,,8.8
20020223,8.2,4.5,0.75,,3.2
20020224,7.3,4.3,0.0,,4.1
20020225,6.8,3.2,0.29,,1.4
20020226,14.1,9.5,0.0,,5.6
20020227,14.7,11.1,0.0,,0.0
20020228,13.8,9.4,0.05,,0.0
20020301,9.7,7.9,0.76,,0.0
20020302,8.3,6.6,0.65,,0.0
20020303,6.8,5.1,0.0,,0.3
20020304,10.1,5.3,0.0,,9.5
20020305,13.3,7.1,0.0,,7.7
20020306,16.3,10.3,0.0,,0.7
20020307,18.9,13.6,0.0,,5.2
20020308,15.1,8.9,0.0,,5.7
20020309,14.7,7.9,0.0,,8.9
20020310,13.1,8.7,0.0,,5.0
20020311,14.0,7.7,0.0,,9.6
20020312,15.6,8.8,0.0,,9.4
20020313,16.9,10.3,0.0,,5.8
20020314,19.8,11.8,0.0,,8.4
20020315,18.4,12.8,0.0,,6.2
20020316,14.8,10.4,0.04,,0.0
20020317,14.7,10.4,0.0,,7.8
20020318,15.1,10.0,0.0,,7.1
20020319,13.0,9.0,0.07,,1.1
20020320,11.3,8.5,0.5,,0.0
20020321,10.9,9.3,0.27,,0.0
20020322,13.0,9.3,0.0,,5.3
20020323,7.7,4.4,0.0,,6.7
20020324,7.8,4.7,0.0,,1.7
20020325,9.8,6.4,0.0,,0.1
20020326,11.7,6.2,0.0,,7.9
20020327,11.8,6.9,0.0,,9.5
20020328,13.2,7.2,0.0,,10.1
20020329,16.2,9.6,0.0,,10.2
20020330,17.3,11.2,0.0,,9.8
20020331,19.2,12.9,0.0,,10.5
20020401,19.3,13.3,0.0,,2.5
20020402,20.6,14.2,0.0,,5.9
20020403,17.5,12.8,0.0,,9.4
20020404,13.6,8.3,0.0,,5.5
20020405,12.3,7.1,0.0,,6.2
20020406,6.8,3.6,0.0,,5.2
20020407,8.1,3.3,0.0,,9.5
20020408,11.9,6.4,0.0,,9.8
20020409,12.4,7.8,0.14,,4.6
20020410,10.2,5.6,1.34,,0.0
20020411,11.8,8.8,0.01,,0.0
20020412,11.5,9.2,0.29,,0.0
20020413,18.1,12.0,1.98,,3.8
20020414,17.4,11.9,0.41,,1.3
20020415,14.4,11.1,0.0,,11.5
20020416,17.1,12.8,0.0,,10.1
20020417,20.6,15.0,0.0,,7.4
20020418,19.1,14.6,0.01,,0.3
20020419,19.8,15.1,0.0,,2.3
20020420,21.5,14.5,0.22,,5.2
20020421,21.8,15.8,0.0,,6.8
20020422,20.7,15.7,0.18,,8.2
20020423,19.0,15.7,0.0,,7.8
20020424,18.2,14.1,0.0,,2.1
20020425,19.1,14.5,0.0,,6.5
20020426,19.3,15.2,0.0,,4.1
20020427,17.1,12.8,0.0,,0.6
20020428,18.6,13.4,0.0,,11.6
20020429,21.7,15.4,0.31,,9.3
20020430,19.1,14.4,0.0,,7.5
20020501,23.8,16.9,0.0,,11.9
20020502,27.0,20.0,0.0,,10.7
20020503,29.0,21.4,0.0,,9.2
20020504,30.1,23.0,0.34,,11.4
20020505,26.7,16.3,0.4,,0.0
20020506,20.7,15.5,0.18,,2.6
20020507,23.9,17.9,0.0,,9.0
20020508,25.0,19.2,0.0,,11.4
20020509,25.4,19.5,0.0,,12.2
20020510,21.0,16.4,1.58,,1.2
20020511,24.3,18.5,0.0,,9.9
20020512,25.0,18.2,0.0,,9.4
20020513,24.8,18.7,0.0,,7.4
20020514,26.2,19.4,0.0,,10.7
20020515,22.0,18.5,0.0,,12.8
20020516,23.1,18.5,0.0,,13.4
20020517,27.6,21.4,0.0,,13.0
20020518,27.9,21.8,0.0,,9.8
20020519,25.1,20.3,0.0,,12.6
20020520,23.6,18.7,0.0,,4.6
20020521,19.7,17.1,0.0,,0.2
20020522,23.9,19.3,0.0,,8.2
20020523,27.7,21.8,0.0,,6.7
20020524,26.2,22.1,0.0,,8.2
20020525,26.1,21.0,0.31,,4.2
20020526,28.4,22.2,0.04,,4.4
20020527,25.7,20.7,0.0,,2.8
20020528,26.8,19.5,1.21,,6.9
20020529,18.9,16.6,0.04,,0.0
20020530,22.4,18.6,0.0,,8.8
20020531,23.6,18.9,0.0,,13.0
20020601,22.1,18.4,0.0,,11.9
20020602,19.3,14.8,0.01,,11.0
20020603,23.5,17.0,0.02,,5.6
20020604,25.1,18.7,0.01,,9.5
20020605,24.4,19.6,0.67,,7.3
20020606,22.7,18.3,0.15,,0.1
20020607,20.8,18.0,0.22,,3.5
20020608,21.6,17.1,0.01,,5.7
20020609,25.3,19.5,1.52,,1.2
20020610,23.0,16.8,0.83,,0.0
20020611,21.7,17.8,0.0,,7.8
20020612,24.9,19.7,0.0,,12.4
20020613,28.4,22.5,0.01,,12.9
20020614,28.7,25.0,0.0,,11.6
20020615,31.9,25.5,0.0,,13.5
20020616,30.3,25.0,0.0,,6.9
20020617,27.8,24.1,0.0,,12.8
20020618,31.1,25.3,0.0,,12.2
20020619,31.5,26.1,0.0,,13.8
20020620,32.8,26.9,0.0,,13.8
20020621,34.6,28.5,0.0,,13.5
20020622,32.2,27.3,0.0,,12.2
20020623,35.0,29.0,0.0,,12.6
20020624,33.6,28.3,0.0,,12.6
20020625,26.9,21.0,0.0,,1.7
20020626,26.8,21.6,0.0,,12.1
20020627,29.1,23.3,0.0,,13.6
20020628,27.4,20.6,0.09,,3.1
20020629,22.0,18.3,0.0,,12.4
20020630,25.0,19.7,0.0,,13.1
20020701,28.1,22.5,0.0,,12.3
20020702,31.3,25.3,0.0,,12.2
20020703,34.6,28.7,0.0,,9.4
20020704,32.5,20.7,0.5,,2.6
20020705,26.5,20.5,0.0,,13.0
20020706,29.8,23.3,0.0,,13.7
20020707,28.7,22.7,0.0,,5.8
20020708,30.8,25.0,0.0,,10.8
20020709,32.7,27.0,0.0,,10.5
20020710,34.9,28.7,0.0,,12.0
20020711,32.7,26.4,0.0,,12.6
20020712,33.4,26.5,0.0,,12.4
20020713,33.8,26.9,0.0,,4.3
20020714,32.2,23.9,0.33,,5.0
20020715,32.9,25.7,0.05,,7.0
20020716,32.6,26.1,0.04,,6.5
20020717,31.0,25.6,0.0,,9.7
20020718,26.9,20.8,4.64,,0.2
20020719,21.6,19.0,0.0,,2.9
20020720,25.0,20.8,0.0,,4.0
20020721,30.3,24.0,0.19,,12.3
20020722,28.3,21.2,0.0,,8.1
20020723,25.6,20.8,0.0,,11.4
20020724,28.1,23.0,0.0,,8.5
20020725,24.5,20.2,0.0,,9.2
20020726,24.3,19.9,0.0,,10.6
20020727,26.6,22.4,0.0,,11.8
20020728,29.6,25.2,0.0,,10.4
20020729,31.0,26.9,0.0,,10.7
20020730,29.3,25.3,0.03,,5.8
20020731,29.3,24.1,0.74,,9.4
20020801,27.9,22.9,0.0,,5.0
20020802,29.1,24.4,0.0,,10.7
20020803,30.8,25.1,0.0,,11.8
20020804,29.9,23.8,0.0,,8.4
20020805,28.9,23.7,0.0,,9.7
20020806,30.2,25.0,0.45,,6.3
20020807,25.8,19.4,1.41,,0.1
20020808,20.7,19.2,0.54,,0.0
20020809,22.2,19.7,0.25,,0.3
20020810,27.2,21.9,0.0,,8.9
20020811,25.0,21.1,1.94,,0.0
20020812,20.6,16.6,1.32,,1.7
20020813,17.9,16.6,0.01,,0.0
20020814,19.5,17.5,0.0,,1.4
20020815,23.4,20.1,0.0,,3.7
20020816,27.9,22.3,1.03,,5.7
20020817,28.0,23.6,0.0,,8.5
20020818,29.2,24.1,0.0,,10.9
20020819,27.9,23.3,0.0,,10.7
20020820,26.8,20.9,0.07,,7.5
20020821,26.8,21.2,0.0,,11.2
20020822,26.6,21.1,0.0,,4.7
20020823,27.7,21.6,0.14,,7.0
20020824,29.4,22.6,0.0,,9.2
20020825,29.6,23.0,0.0,,9.0
20020826,29.2,23.7,0.0,,11.7
20020827,28.1,23.2,0.02,,7.5
20020828,25.5,21.8,0.0,,2.2
20020829,28.0,22.3,0.0,,6.0
20020830,28.6,22.8,0.0,,11.2
20020831,28.5,22.6,0.0,,9.0
20020901,27.9,22.3,0.0,,11.2
20020902,24.6,20.0,0.0,,4.2
20020903,27.6,20.9,0.0,,10.8
20020904,28.8,22.8,0.0,,7.3
20020905,27.8,22.6,0.0,,7.2
20020906,25.6,21.0,0.0,,4.0
20020907,27.3,20.6,0.01,,5.8
20020908,28.6,22.0,0.0,,10.7
20020909,29.0,22.1,0.0,,10.0
20020910,26.4,21.6,0.0,,5.5
20020911,24.6,20.1,0.0,,8.0
20020912,21.4,15.6,0.01,,9.0
20020913,15.7,13.4,0.02,,0.1
20020914,20.3,15.9,0.04,,8.6
20020915,16.8,14.2,0.12,,2.8
20020916,18.4,13.5,0.0,,7.5
20020917,16.6,13.8,0.0,,0.2
20020918,21.6,15.6,0.0,,2.3
20020919,23.9,17.1,0.01,,7.3
20020920,18.9,16.0,0.25,,0.2
20020921,20.4,16.3,0.01,,7.0
20020922,16.2,12.7,0.81,,0.0
20020923,16.6,13.2,0.61,,0.7
20020924,12.6,11.0,2.12,,0.0
20020925,12.1,10.3,0.23,,0.0
20020926,12.7,9.2,0.0,,5.5
20020927,14.6,11.0,0.0,,0.6
20020928,11.5,9.6,0.27,,0.0
20020929,17.2,12.7,0.0,,9.2
20020930,16.8,11.7,0.0,,9.4
20021001,18.2,12.0,0.0,,9.2
20021002,19.1,13.6,0.0,,8.9
20021003,17.9,12.9,0.0,,2.2
20021004,19.1,14.8,0.03,,3.0
20021005,15.9,12.4,0.0,,6.9
20021006,15.9,12.4,0.03,,0.0
20021007,13.0,9.5,0.0,,4.3
20021008,11.9,8.1,0.0,,3.4
20021009,12.3,8.9,0.07,,5.3
20021010,14.2,11.0,0.39,,3.7
20021011,12.6,10.8,1.03,,0.0
20021012,11.6,9.6,2.23,,0.0
20021013,9.9,6.7,0.42,,0.0
20021014,13.1,8.7,0.14,,2.3
20021015,12.4,10.7,0.0,,0.0
20021016,13.2,11.4,0.0,,0.0
20021017,22.3,15.8,0.29,,3.8
20021018,19.9,10.6,0.05,,1.1
20021019,14.1,9.2,0.0,,1.7
20021020,9.7,7.0,0.01,,2.7
20021021,13.3,8.8,0.0,,2.0
20021022,18.3,12.6,0.19,,2.5
20021023,21.1,14.7,0.22,,5.5
20021024,15.0,10.7,0.0,,2.0
20021025,12.3,8.9,0.27,,0.0
20021026,19.5,13.8,0.0,,4.1
20021027,16.7,13.3,0.02,,6.5
20021028,16.4,12.1,0.0,,5.8
20021029,11.8,8.3,0.0,,7.9
20021030,10.8,8.2,0.02,,0.1
20021031,9.0,7.5,0.0,,0.0
20021101,11.7,7.7,0.03,,1.4
20021102,11.2,9.2,0.17,,0.0
20021103,11.4,7.1,0.57,,1.2
20021104,7.1,1.9,0.45,,0.0
20021105,5.8,3.4,0.01,,2.5
20021106,3.5,2.5,0.0,,0.0
20021107,3.6,2.6,0.06,,0.0
20021108,4.9,3.4,0.0,,0.0
20021109,8.0,4.9,0.06,,0.0
20021110,8.2,6.1,0.0,,5.4
20021111,6.4,3.8,0.55,,0.0
20021112,13.7,8.9,0.15,,6.7
20021113,7.9,6.1,0.1,,0.0
20021114,18.5,11.9,0.0,,2.4
20021115,19.7,15.9,0.0,,3.1
20021116,18.7,16.6,0.06,,0.0
20021117,18.5,15.8,0.07,,0.9
20021118,18.0,14.3,0.0,,3.5
20021119,15.8,11.8,0.01,,2.6
20021120,13.1,9.4,0.0,,3.5
20021121,12.5,8.6,0.0,,2.5
20021122,10.6,8.3,0.32,,0.0
20021123,11.1,8.5,0.0,,1.2
20021124,9.2,6.2,0.0,,3.7
20021125,10.3,8.1,0.0,,1.8
20021126,12.1,8.9,0.0,,1.7
20021127,12.8,10.1,0.0,,0.9
20021128,12.5,8.9,0.0,,4.9
20021129,9.9,6.4,0.83,,0.5
20021130,7.6,6.0,0.09,,0.0
20021201,8.7,6.4,0.4,,1.1
20021202,6.1,5.4,0.63,,0.0
20021203,9.0,7.7,0.11,,0.0
20021204,10.1,8.9,0.04,,0.6
20021205,11.0,9.4,0.36,,0.0
20021206,10.4,8.1,0.4,,0.0
20021207,7.8,4.3,0.0,,0.0
20021208,3.9,0.4,0.0,,6.4
20021209,-0.7,-4.1,0.0,,2.4
20021210,-2.7,-6.0,0.0,,5.7
20021211,-3.4,-6.9,0.0,,5.5
20021212,-3.2,-5.3,0.0,,2.9
20021213,-1.3,-2.5,0.0,,0.0
20021214,0.5,-1.2,0.06,,0.9
20021215,-0.2,-1.3,0.28,,0.0
20021216,0.0,-0.8,0.07,,0.0
20021217,0.0,-0.7,0.48,,0.0
20021218,1.6,0.1,0.0,,0.0
20021219,2.0,-0.6,0.0,,6.3
20021220,-1.3,-4.0,0.0,,4.6
20021221,-1.0,-2.5,0.0,,0.0
20021222,1.6,-0.5,0.42,,1.1
20021223,0.3,-2.0,0.07,,0.0
20021224,-1.0,-3.3,0.0,,0.0
20021225,-3.7,-7.1,0.0,,5.5
20021226,-4.3,-6.7,0.1,,0.6
20021227,-5.2,-6.1,0.05,,0.2
20021228,0.9,-0.9,0.21,,0.0
20021229,5.6,3.6,0.26,,1.2
20021230,13.2,7.4,0.21,,0.0
20021231,14.0,5.0,0.42,,0.0
20030101,1.3,-2.0,0.01,,7.4
20030102,-0.2,-2.1,0.51,,0.0
20030103,12.1,8.3,0.0,,4.2
20030104,10.0,6.3,0.31,,1.3
20030105,6.6,1.2,0.15,,0.0
20030106,0.2,-4.5,0.23,,6.4
20030107,-3.4,-4.9,0.58,,0.0
20030108,-4.5,-7.8,0.02,,0.0
20030109,-5.4,-7.2,0.13,,0.0
20030110,-4.4,-5.5,0.19,,0.0
20030111,-1.8,-4.0,0.08,,0.0
20030112,-3.8,-8.2,0.0,,5.3
20030113,-5.4,-8.1,0.02,,0.7
20030114,-1.7,-2.8,0.0,,0.0
20030115,8.2,5.1,0.0,,6.6
20030116,4.4,1.3,0.0,,5.0
20030117,7.0,2.5,0.05,,5.7
20030118,-1.2,-4.6,0.0,,0.0
20030119,-0.1,-3.8,0.0,,3.8
20030120,-0.7,-2.1,0.0,,0.0
20030121,0.0,-1.9,0.0,,0.0
20030122,2.9,1.9,0.13,,0.0
20030123,5.9,3.0,0.0,,1.9
20030124,4.5,2.8,0.02,,0.0
20030125,7.9,4.1,0.0,,5.8
20030126,4.0,1.2,0.0,,0.0
20030127,3.1,1.3,0.23,,2.0
20030128,9.4,5.1,0.0,,0.0
20030129,6.8,3.4,0.0,,4.6
20030130,5.9,2.2,0.0,,5.5
20030131,2.6,0.4,0.03,,0.0
20030201,1.9,-0.2,0.0,,1.0
20030202,-0.8,-4.8,0.0,,7.9
20030203,-2.0,-5.2,0.72,,0.3
20030204,-2.6,-3.4,1.15,,0.0
20030205,1.2,-0.5,1.0,,0.0
20030206,0.7,-0.2,0.0,,0.0
20030207,-0.1,-2.1,0.0,,8.0
20030208,1.6,-2.4,0.0,,5.4
20030209,-0.1,-3.5,0.0,,0.0
20030210,1.5,0.0,0.01,,0.0
20030211,0.6,-1.6,0.07,,0.0
20030212,1.3,-2.9,0.0,,8.4
20030213,-1.0,-4.9,0.0,,8.1
20030214,1.2,-4.4,0.0,,8.2
20030215,-1.7,-4.0,0.0,,3.6
20030216,1.0,-0.9,0.0,,0.4
20030217,1.3,-2.9,0.0,,8.1
20030218,1.2,-3.1,0.0,,4.7
20030219,3.1,-0.4,0.0,,6.1
20030220,5.7,1.5,0.0,,6.2
20030221,4.7,2.9,0.0,,0.0
20030222,4.3,1.2,0.0,,8.9
20030223,5.3,0.2,0.0,,8.2
20030224,9.3,2.6,0.0,,8.5
20030225,3.8,-1.3,0.0,,7.1
20030226,0.9,-3.5,0.0,,6.7
20030227,3.7,-1.9,0.0,,7.6
20030228,6.4,0.8,0.0,,5.2
20030301,10.0,4.4,0.0,,6.0
20030302,7.1,3.3,0.0,,2.6
20030303,6.0,4.3,0.0,,0.0
20030304,5.4,3.8,0.0,,0.0
20030305,4.9,1.5,0.0,,0.2
20030306,5.6,1.5,0.0,,5.5
20030307,7.5,2.0,0.0,,8.0
20030308,7.2,3.5,0.0,,3.4
20030309,11.6,7.1,0.03,,2.2
20030310,12.6,8.4,0.0,,2.5
20030311,10.8,6.3,0.0,,0.0
20030312,16.6,8.7,0.0,,0.0
20030313,9.9,4.6,0.0,,7.0
20030314,3.8,1.9,0.0,,0.1
20030315,8.1,4.5,0.0,,7.5
20030316,9.0,5.5,0.0,,4.1
20030317,11.5,6.3,0.0,,9.1
20030318,10.3,6.8,0.0,,1.3
20030319,12.9,8.5,0.0,,7.6
20030320,10.6,6.4,0.0,,9.3
20030321,6.6,3.0,0.0,,10.0
20030322,4.6,0.7,0.0,,9.6
20030323,9.2,3.4,0.0,,9.8
20030324,16.6,9.4,0.0,,10.1
20030325,19.0,13.3,0.0,,9.4
20030326,19.8,14.0,0.0,,2.2
20030327,19.4,13.2,0.0,,7.6
20030328,19.6,12.7,0.0,,7.0
20030329,19.8,13.3,0.0,,3.5
20030330,19.9,13.8,0.0,,2.7
20030331,17.3,13.2,0.02,,5.9
20030401,13.4,9.3,0.0,,10.2
20030402,17.5,10.2,0.0,,5.6
20030403,12.6,9.3,0.0,,2.7
20030404,12.5,8.4,0.0,,4.6
20030405,11.4,5.7,0.05,,4.0
20030406,7.3,1.3,0.08,,7.1
20030407,5.1,0.9,0.0,,6.7
20030408,4.4,1.3,0.0,,3.1
20030409,6.6,2.7,0.0,,3.3
20030410,15.2,8.6,0.64,,5.4
20030411,12.1,7.2,0.0,,0.3
20030412,13.1,8.1,0.0,,1.6
20030413,17.5,12.4,0.0,,6.6
20030414,17.2,13.8,0.0,,3.5
20030415,19.5,14.8,0.0,,5.1
20030416,19.2,14.8,0.0,,9.4
20030417,18.3,14.0,0.0,,9.6
20030418,17.1,13.7,0.0,,8.0
20030419,16.5,12.3,0.0,,7.5
20030420,17.4,12.5,0.0,,8.8
20030421,18.8,13.1,0.0,,12.3
20030422,20.8,14.9,0.0,,8.5
20030423,19.5,13.7,0.31,,2.2
20030424,16.4,11.9,0.0,,2.7
20030425,19.9,14.0,0.0,,9.6
20030426,22.9,16.6,0.0,,10.8
20030427,20.6,14.0,0.26,,0.0
20030428,22.0,17.1,0.0,,10.7
20030429,25.2,18.4,0.0,,12.2
20030430,27.5,20.3,0.0,,9.2
20030501,23.4,20.0,0.0,,8.5
20030502,28.1,21.7,0.0,,9.0
20030503,25.7,18.9,0.0,,6.3
20030504,23.9,17.1,0.0,,12.9
20030505,27.4,19.3,0.0,,13.5
20030506,30.8,22.3,0.0,,13.5
20030507,32.4,24.6,0.0,,12.4
20030508,32.1,24.5,0.0,,12.9
20030509,29.2,24.1,0.0,,8.4
20030510,26.8,22.0,0.0,,10.2
20030511,28.9,22.6,0.0,,6.5
20030512,30.2,23.1,0.04,,10.5
20030513,30.1,22.9,0.02,,9.7
20030514,26.2,14.2,0.01,,9.1
20030515,17.6,12.8,0.0,,10.6
20030516,19.2,13.3,0.0,,12.3
20030517,21.7,15.6,0.0,,12.9
20030518,24.9,18.6,0.0,,11.2
20030519,27.2,21.3,0.0,,6.9
20030520,25.2,19.0,1.26,,9.3
20030521,16.4,13.1,0.59,,0.7
20030522,16.2,13.4,0.03,,0.0
20030523,23.2,18.0,0.0,,10.9
20030524,26.8,20.4,0.0,,10.7
20030525,28.8,22.7,0.0,,12.7
20030526,30.2,24.0,0.04,,12.0
20030527,30.4,24.1,0.0,,9.0
20030528,29.9,24.3,0.86,,8.2
20030529,27.4,22.9,0.0,,6.2
20030530,27.1,21.7,0.0,,11.9
20030531,29.2,22.8,0.0,,13.7
20030601,26.6,21.2,0.0,,5.3
20030602,25.6,21.2,0.01,,5.5
20030603,29.1,23.1,0.0,,11.7
20030604,30.4,24.7,0.0,,14.2
20030605,31.9,26.0,0.0,,13.1
20030606,33.6,27.0,0.0,,12.5
20030607,32.2,26.3,0.0,,8.8
20030608,32.6,27.3,0.0,,13.3
20030609,32.2,27.3,0.0,,13.1
20030610,31.9,26.9,0.0,,11.7
20030611,34.7,28.2,0.0,,12.6
20030612,32.6,28.4,0.0,,12.4
20030613,32.6,26.5,0.0,,10.5
20030614,29.2,25.2,0.76,,9.7
20030615,26.9,19.9,0.0,,3.6
20030616,25.5,20.8,0.07,,8.9
20030617,27.4,21.6,0.0,,11.8
20030618,26.5,19.9,0.04,,4.0
20030619,25.3,21.2,0.0,,9.5
20030620,25.6,21.3,0.1,,8.9
20030621,22.2,18.9,0.0,,12.7
20030622,24.9,19.9,0.0,,13.0
20030623,30.5,23.2,1.27,,10.3
20030624,30.4,24.7,0.25,,8.3
20030625,29.4,24.9,0.0,,12.2
20030626,26.0,20.8,0.0,,13.3
20030627,27.1,21.6,0.0,,13.8
20030628,28.3,22.8,0.0,,14.0
20030629,28.7,23.6,0.0,,7.3
20030630,32.1,26.1,0.0,,13.8
20030701,34.1,27.1,0.0,,12.5
20030702,31.9,21.8,0.12,,11.6
20030703,26.2,19.6,2.84,,5.8
20030704,26.2,21.4,0.01,,7.3
20030705,24.7,20.2,0.0,,8.6
20030706,24.4,20.2,0.0,,11.9
20030707,23.2,19.3,0.0,,14.1
20030708,24.4,20.0,0.0,,13.3
20030709,25.4,21.3,0.0,,13.3
20030710,25.7,21.7,0.0,,8.8
20030711,26.0,21.0,0.0,,12.0
20030712,27.4,21.9,0.0,,7.0
20030713,24.2,20.6,0.0,,8.5
20030714,26.3,20.6,0.0,,9.7
20030715,29.6,23.5,0.0,,12.3
20030716,31.8,25.1,0.0,,12.6
20030717,34.0,27.1,0.18,,9.8
20030718,31.1,19.9,0.94,,0.0
20030719,29.7,23.9,0.0,,5.8
20030720,30.0,25.0,0.0,,9.7
20030721,33.7,27.1,0.0,,13.3
20030722,31.6,26.2,0.0,,6.9
20030723,28.5,24.1,0.0,,3.0
20030724,31.6,25.0,0.0,,9.4
20030725,26.4,21.1,0.0,,2.1
20030726,29.0,23.3,0.0,,9.6
20030727,32.5,26.3,0.0,,13.1
20030728,31.7,26.8,0.41,,11.4
20030729,28.5,19.8,0.31,,1.0
20030730,23.5,19.6,0.47,,3.2
20030731,23.0,20.6,1.45,,1.3
20030801,29.8,24.6,0.0,,10.6
20030802,32.4,26.0,0.0,,13.0
20030803,33.0,27.2,0.0,,12.9
20030804,33.7,27.7,0.0,,12.7
20030805,33.3,28.0,0.0,,12.1
20030806,31.7,26.2,0.0,,13.1
20030807,28.9,24.4,0.0,,12.3
20030808,30.7,24.8,0.0,,13.4
20030809,31.1,25.4,0.0,,12.3
20030810,31.5,25.7,0.0,,12.7
20030811,29.1,23.9,0.0,,13.3
20030812,29.6,23.3,0.0,,12.4
20030813,35.5,27.8,0.0,,10.9
20030814,37.3,29.6,0.05,,7.3
20030815,27.2,23.6,0.0,,3.4
20030816,30.1,23.9,0.0,,8.2
20030817,31.5,26.0,0.0,,9.8
20030818,34.7,28.2,0.0,,10.9
20030819,32.3,24.6,0.0,,12.2
20030820,30.3,24.8,0.0,,12.4
20030821,30.5,24.5,0.0,,6.8
20030822,33.3,26.7,0.0,,9.9
20030823,32.5,27.8,0.0,,12.3
20030824,28.9,24.4,0.0,,12.7
20030825,26.6,21.8,0.0,,11.1
20030826,27.6,21.7,0.0,,12.3
20030827,30.6,24.8,0.0,,10.8
20030828,28.4,23.4,0.0,,9.8
20030829,34.8,27.1,0.0,,7.3
20030830,31.4,21.6,0.55,,4.4
20030831,23.2,16.2,0.58,,0.0
20030901,20.9,16.5,0.0,,11.5
20030902,18.9,15.3,0.0,,6.1
20030903,18.4,14.0,0.0,,10.5
20030904,20.3,15.5,0.0,,3.6
20030905,23.2,17.6,0.0,,10.3
20030906,23.1,18.0,0.0,,10.3
20030907,23.6,17.5,0.0,,9.5
20030908,24.5,19.0,0.0,,9.9
20030909,25.7,20.4,0.0,,5.0
20030910,22.9,19.4,0.0,,0.8
20030911,23.3,18.2,0.0,,8.1
20030912,17.3,14.5,0.0,,0.0
20030913,18.3,15.6,0.0,,0.8
20030914,21.9,17.0,0.0,,10.2
20030915,22.3,17.4,0.0,,11.1
20030916,23.4,17.6,0.0,,10.3
20030917,25.2,19.6,0.0,,11.0
20030918,26.4,20.0,0.0,,10.4
20030919,27.4,20.0,0.0,,10.6
20030920,29.0,20.9,0.0,,10.8
20030921,29.4,21.6,0.0,,9.8
20030922,29.7,21.6,0.0,,9.9
20030923,29.1,22.6,0.0,,9.4
20030924,25.2,15.2,0.36,,0.0
20030925,19.6,15.4,0.0,,9.3
20030926,20.3,14.5,0.0,,9.7
20030927,21.5,15.6,0.0,,8.3
20030928,22.5,16.8,0.0,,7.4
20030929,20.4,16.0,0.54,,0.0
20030930,18.9,14.7,0.0,,10.1
20031001,19.9,14.4,0.0,,7.3
20031002,24.6,19.2,0.0,,6.6
20031003,25.2,20.6,0.0,,5.6
20031004,22.2,17.1,0.47,,1.7
20031005,21.9,14.6,1.02,,1.9
20031006,13.7,10.5,0.0,,5.0
20031007,15.9,11.5,1.61,,2.9
20031008,12.6,9.3,0.01,,1.0
20031009,12.5,9.4,0.06,,3.4
20031010,12.8,10.6,0.0,,0.5
20031011,18.4,15.0,0.0,,4.1
20031012,15.6,12.6,0.0,,9.6
20031013,13.9,8.9,0.0,,9.3
20031014,13.7,8.7,0.0,,8.3
20031015,12.8,7.8,0.0,,9.1
20031016,9.2,5.5,0.01,,0.6
20031017,11.1,7.6,0.0,,7.2
20031018,11.2,6.2,0.0,,7.9
20031019,7.8,5.5,0.0,,0.0
20031020,10.6,7.8,1.35,,0.0
20031021,15.7,10.7,0.0,,1.3
20031022,9.9,7.2,0.0,,0.0
20031023,9.4,6.6,0.76,,0.1
20031024,6.9,1.6,0.09,,0.0
20031025,4.9,1.4,0.0,,7.6
20031026,9.0,4.9,0.0,,1.8
20031027,10.6,4.8,0.0,,4.4
20031028,7.4,3.3,0.0,,8.1
20031029,5.4,3.5,0.72,,0.1
20031030,6.5,5.7,2.04,,0.0
20031031,13.0,9.0,0.0,,2.7
20031101,18.2,13.6,2.89,,0.0
20031102,15.4,10.4,0.15,,0.0
20031103,15.2,9.4,0.0,,7.8
20031104,14.8,10.1,0.0,,8.6
20031105,13.7,8.7,0.0,,8.6
20031106,10.0,7.0,0.0,,2.1
20031107,8.3,7.3,0.14,,0.0
20031108,11.7,7.4,0.0,,8.1
20031109,12.9,6.5,0.0,,7.8
20031110,6.8,4.3,0.0,,2.6
20031111,6.8,3.7,0.0,,8.2
20031112,6.0,2.0,0.0,,8.1
20031113,6.4,1.6,0.0,,6.6
20031114,6.0,2.8,0.56,,4.7
20031115,5.2,3.1,0.0,,0.0
20031116,4.6,3.2,0.02,,0.0
20031117,8.3,6.5,0.01,,0.0
20031118,9.8,7.9,0.01,,0.4
20031119,16.6,12.7,0.0,,3.8
20031120,14.4,11.2,0.0,,6.4
20031121,9.6,5.6,0.0,,0.0
20031122,7.4,6.0,0.0,,0.0
20031123,8.9,6.1,0.01,,2.9
20031124,9.9,7.0,0.0,,2.0
20031125,10.8,8.9,0.0,,0.2
20031126,12.5,10.3,0.03,,0.0
20031127,14.0,11.0,0.04,,4.1
20031128,13.3,10.7,0.74,,2.7
20031129,12.6,9.7,0.03,,0.0
20031130,10.6,9.5,0.0,,0.0
20031201,10.5,8.5,0.0,,0.2
20031202,9.4,7.5,0.0,,0.0
20031203,8.8,5.4,0.0,,6.9
20031204,4.9,2.9,0.0,,5.0
20031205,4.7,3.0,0.0,,0.4
20031206,7.5,3.7,0.01,,0.5
20031207,4.1,1.1,0.0,,7.5
20031208,2.9,-0.9,0.0,,7.6
20031209,3.5,-0.5,0.0,,7.5
20031210,3.0,-0.6,0.0,,4.7
20031211,3.1,1.3,0.01,,1.6
20031212,7.4,3.2,0.0,,1.8
20031213,5.5,2.0,0.23,,4.4
20031214,6.0,2.0,0.0,,0.0
20031215,7.2,3.3,0.0,,2.8
20031216,3.1,0.8,0.0,,4.4
20031217,2.3,0.2,0.0,,7.6
20031218,6.7,3.2,0.0,,7.3
20031219,3.1,-0.4,0.0,,0.0
20031220,0.8,-0.9,0.0,,0.0
20031221,6.6,1.5,0.22,,0.0
20031222,7.0,5.1,0.0,,0.0
20031223,4.6,0.1,0.0,,6.3
20031224,0.9,-1.7,0.0,,7.5
20031225,1.4,-3.7,0.0,,7.7
20031226,1.3,-2.8,0.0,,7.1
20031227,-1.2,-4.6,0.0,,0.0
20031228,-0.9,-2.2,0.0,,0.0
20031229,3.2,1.7,0.0,,0.4
20031230,6.3,4.7,0.01,,0.2
20031231,8.5,6.3,0.03,,0.0
